﻿<?xml version="1.0" encoding="utf-8" ?>
<c2eventsheet>
    <!--All the 'name' attributes are ignored by Construct 2 - they are there for readability only.-->
    <name>Event sheet 2</name>
    <events>
        <event-block sid="913844280505571">
            <conditions>
                <condition id="0" name="On clicked" sid="809019807847866" type="Button" />
            </conditions>
            <actions>
                <action id="-2" name="Go to layout" sid="609017423281112" type="System">
                    <param id="0" name="Layout">Gameplay</param>
                </action>
            </actions>
        </event-block>
    </events>
</c2eventsheet>
