﻿<?xml version="1.0" encoding="utf-8" ?>
<c2eventsheet>
    <!--All the 'name' attributes are ignored by Construct 2 - they are there for readability only.-->
    <name>Event sheet 1</name>
    <events>
        <event-block sid="710428940734556">
            <conditions>
                <condition id="-1" name="Every tick" sid="254221864834195" type="System" />
            </conditions>
            <actions>
                <action id="-2" name="Set Y" sid="866747308327583" type="TiledBackground2">
                    <param id="0" name="Y">TiledBackground2.Y+(dt*60)</param>
                </action>
            </actions>
        </event-block>
        <event-block sid="680195368646336">
            <conditions>
                <condition id="-8" name="Compare two values" sid="744401344362202" type="System">
                    <param id="0" name="First value">TiledBackground2.Y</param>
                    <param id="1" name="Comparison">5</param>
                    <param id="2" name="Second value">0</param>
                </condition>
            </conditions>
            <actions>
                <action id="-2" name="Set Y" sid="252526714472623" type="TiledBackground2">
                    <param id="0" name="Y">-343</param>
                </action>
            </actions>
        </event-block>
        <event-block sid="978524032810760">
            <conditions>
                <condition id="0" name="On click" sid="310072303000956" type="Mouse">
                    <param id="0" name="Mouse button">0</param>
                    <param id="1" name="Click type">0</param>
                </condition>
            </conditions>
            <actions>
                <action id="0" name="Spawn another object" sid="798606274433412" type="rocket">
                    <param id="0" name="Object">b</param>
                    <param id="1" name="Layer">1</param>
                    <param id="2" name="Image point">2</param>
                </action>
                <action id="0" name="Play" sid="303878834682849" type="Audio">
                    <param id="0" name="Audio file">fire</param>
                    <param id="2" name="Loop">0</param>
                    <param id="3" name="Volume">0</param>
                    <param id="1" name="Tag (optional)">&quot;&quot;</param>
                </action>
            </actions>
        </event-block>
        <event-block sid="508261106085564">
            <conditions>
                <condition id="-1" name="Every tick" sid="313896630190965" type="System" />
            </conditions>
            <actions>
                <action id="-2" name="Set Y" sid="312999304411333" type="b">
                    <param id="0" name="Y">b.Y-(dt*600)</param>
                </action>
            </actions>
        </event-block>
        <event-block sid="827199440831992">
            <conditions>
                <condition id="-6" name="Every X seconds" sid="253293017478978" type="System">
                    <param id="0" name="Interval (seconds)">1.0</param>
                </condition>
            </conditions>
            <actions>
                <action id="-3" name="Create object" sid="958647000052464" type="System">
                    <param id="0" name="Object to create">Ast</param>
                    <param id="1" name="Layer">0</param>
                    <param id="2" name="X">random(854)</param>
                    <param id="3" name="Y">0</param>
                </action>
            </actions>
        </event-block>
        <event-block sid="482739390842055">
            <conditions>
                <condition id="0" name="On collision with another object" sid="581949479619334" type="b">
                    <param id="0" name="Object">Ast</param>
                </condition>
            </conditions>
            <actions>
                <action id="-9" name="Destroy" sid="793217219201473" type="Ast" />
                <action id="-9" name="Destroy" sid="504222010521955" type="b" />
            </actions>
        </event-block>
    </events>
</c2eventsheet>
