﻿<?xml version="1.0" encoding="utf-8" ?>
<c2eventsheet>
    <!--All the 'name' attributes are ignored by Construct 2 - they are there for readability only.-->
    <name>Event sheet 1</name>
    <events>
        <event-block sid="922690237892674">
            <conditions>
                <condition id="-2" name="On start of layout" sid="367575895008102" type="System" />
            </conditions>
            <actions>
                <action id="-16" name="Wait" sid="834244615660930" type="System">
                    <param id="0" name="Seconds">0</param>
                </action>
                <action behavior="Bullet" id="5" name="Set enabled" sid="596537130485645" type="boll">
                    <param id="0" name="State">0</param>
                </action>
            </actions>
        </event-block>
        <event-block sid="354673071947095">
            <conditions>
                <condition id="0" name="On click" sid="837872847489570" type="Mouse">
                    <param id="0" name="Mouse button">0</param>
                    <param id="1" name="Click type">0</param>
                </condition>
            </conditions>
            <actions>
                <action behavior="Bullet" id="5" name="Set enabled" sid="458566298097511" type="boll">
                    <param id="0" name="State">1</param>
                </action>
            </actions>
        </event-block>
        <event-block sid="528322506488473">
            <conditions>
                <condition id="-1" name="Every tick" sid="252579872691170" type="System" />
            </conditions>
            <actions>
                <action id="-1" name="Set X" sid="356203094526785" type="player">
                    <param id="0" name="X">Mouse.X</param>
                </action>
                <action id="-2" name="Set Y" sid="688164485810843" type="player">
                    <param id="0" name="Y">Mouse.Y</param>
                </action>
                <action id="-2" name="Set Y" sid="620282339976924" type="player">
                    <param id="0" name="Y">735</param>
                </action>
            </actions>
        </event-block>
        <event-block sid="886024025526684">
            <conditions>
                <condition id="0" name="On collision with another object" sid="658279416900019" type="boll">
                    <param id="0" name="Object">sq</param>
                </condition>
            </conditions>
            <actions>
                <action id="-9" name="Destroy" sid="669249794923030" type="sq" />
                <action id="0" name="Play" sid="293394087031461" type="Audio">
                    <param id="0" name="Audio file">1</param>
                    <param id="2" name="Loop">0</param>
                    <param id="3" name="Volume">0</param>
                    <param id="1" name="Tag (optional)">&quot;&quot;</param>
                </action>
            </actions>
        </event-block>
        <event-block sid="227376032313720">
            <conditions>
                <condition id="0" name="On collision with another object" sid="544335520713898" type="boll">
                    <param id="0" name="Object">player</param>
                </condition>
            </conditions>
            <actions>
                <action id="0" name="Play" sid="448513822993176" type="Audio">
                    <param id="0" name="Audio file">5</param>
                    <param id="2" name="Loop">0</param>
                    <param id="3" name="Volume">0</param>
                    <param id="1" name="Tag (optional)">&quot;&quot;</param>
                </action>
            </actions>
        </event-block>
        <event-block sid="412996469346352">
            <conditions>
                <condition id="0" name="On collision with another object" sid="316180698855881" type="boll">
                    <param id="0" name="Object">Sprite</param>
                </condition>
            </conditions>
            <actions>
                <action id="0" name="Play" sid="364829870725548" type="Audio">
                    <param id="0" name="Audio file">2</param>
                    <param id="2" name="Loop">0</param>
                    <param id="3" name="Volume">0</param>
                    <param id="1" name="Tag (optional)">&quot;&quot;</param>
                </action>
            </actions>
        </event-block>
    </events>
</c2eventsheet>
