﻿<?xml version="1.0" encoding="utf-8" ?>
<c2eventsheet>
    <!--All the 'name' attributes are ignored by Construct 2 - they are there for readability only.-->
    <name>Event sheet 1</name>
    <events>
        <event-block sid="219887611369544">
            <conditions>
                <condition id="-1" name="Every tick" sid="686489253692072" type="System" />
            </conditions>
            <actions>
                <action id="-2" name="Set Y" sid="511247951546935" type="TiledBackground">
                    <param id="0" name="Y">TiledBackground.Y+(dt*140)</param>
                </action>
            </actions>
        </event-block>
        <event-block sid="528878526781489">
            <conditions>
                <condition id="-8" name="Compare two values" sid="839612249334179" type="System">
                    <param id="0" name="First value">TiledBackground.Y</param>
                    <param id="1" name="Comparison">5</param>
                    <param id="2" name="Second value">0</param>
                </condition>
            </conditions>
            <actions>
                <action id="-2" name="Set Y" sid="798203876783369" type="TiledBackground">
                    <param id="0" name="Y">-342</param>
                </action>
            </actions>
        </event-block>
        <event-block sid="475438263153332">
            <conditions>
                <condition id="-6" name="Every X seconds" sid="918674283625331" type="System">
                    <param id="0" name="Interval (seconds)">4</param>
                </condition>
            </conditions>
            <actions>
                <action id="-3" name="Create object" sid="248387545337120" type="System">
                    <param id="0" name="Object to create">gryzovik</param>
                    <param id="1" name="Layer">0</param>
                    <param id="2" name="X">60</param>
                    <param id="3" name="Y">-650</param>
                </action>
            </actions>
        </event-block>
        <event-block sid="760221192057944">
            <conditions>
                <condition id="-6" name="Every X seconds" sid="134539214677017" type="System">
                    <param id="0" name="Interval (seconds)">5</param>
                </condition>
            </conditions>
            <actions>
                <action id="-3" name="Create object" sid="367042352385347" type="System">
                    <param id="0" name="Object to create">red</param>
                    <param id="1" name="Layer">0</param>
                    <param id="2" name="X">190</param>
                    <param id="3" name="Y">-650</param>
                </action>
            </actions>
        </event-block>
        <event-block sid="415804360392315">
            <conditions>
                <condition id="-6" name="Every X seconds" sid="223918594053699" type="System">
                    <param id="0" name="Interval (seconds)">6</param>
                </condition>
            </conditions>
            <actions>
                <action id="-3" name="Create object" sid="177268302626611" type="System">
                    <param id="0" name="Object to create">white</param>
                    <param id="1" name="Layer">0</param>
                    <param id="2" name="X">320</param>
                    <param id="3" name="Y">-650</param>
                </action>
            </actions>
        </event-block>
        <event-block sid="130679675712691">
            <conditions>
                <condition id="-6" name="Every X seconds" sid="652406068792809" type="System">
                    <param id="0" name="Interval (seconds)">7</param>
                </condition>
            </conditions>
            <actions>
                <action id="-3" name="Create object" sid="360871196605619" type="System">
                    <param id="0" name="Object to create">top</param>
                    <param id="1" name="Layer">0</param>
                    <param id="2" name="X">450</param>
                    <param id="3" name="Y">-650</param>
                </action>
            </actions>
        </event-block>
        <event-block sid="175440218790473">
            <conditions>
                <condition id="0" name="On collision with another object" sid="962420143516917" type="Pl">
                    <param id="0" name="Object">gryzovik</param>
                </condition>
            </conditions>
            <actions>
                <action id="0" name="Play" sid="455163463802542" type="Audio">
                    <param id="0" name="Audio file">213</param>
                    <param id="2" name="Loop">0</param>
                    <param id="3" name="Volume">0</param>
                    <param id="1" name="Tag (optional)">&quot;&quot;</param>
                </action>
            </actions>
        </event-block>
        <event-block sid="133045017861420">
            <conditions>
                <condition id="0" name="On collision with another object" sid="622332413827027" type="Pl">
                    <param id="0" name="Object">red</param>
                </condition>
            </conditions>
            <actions>
                <action id="0" name="Play" sid="373818287213022" type="Audio">
                    <param id="0" name="Audio file">213</param>
                    <param id="2" name="Loop">0</param>
                    <param id="3" name="Volume">0</param>
                    <param id="1" name="Tag (optional)">&quot;&quot;</param>
                </action>
            </actions>
        </event-block>
        <event-block sid="735673989777547">
            <conditions>
                <condition id="0" name="On collision with another object" sid="781258419136140" type="Pl">
                    <param id="0" name="Object">white</param>
                </condition>
            </conditions>
            <actions>
                <action id="0" name="Play" sid="476189724187718" type="Audio">
                    <param id="0" name="Audio file">213</param>
                    <param id="2" name="Loop">0</param>
                    <param id="3" name="Volume">0</param>
                    <param id="1" name="Tag (optional)">&quot;&quot;</param>
                </action>
            </actions>
        </event-block>
        <event-block sid="344785859342142">
            <conditions>
                <condition id="0" name="On collision with another object" sid="690789401965369" type="Pl">
                    <param id="0" name="Object">top</param>
                </condition>
            </conditions>
            <actions>
                <action id="0" name="Play" sid="372450286862013" type="Audio">
                    <param id="0" name="Audio file">213</param>
                    <param id="2" name="Loop">0</param>
                    <param id="3" name="Volume">0</param>
                    <param id="1" name="Tag (optional)">&quot;&quot;</param>
                </action>
            </actions>
        </event-block>
        <event-block sid="886614082754878">
            <conditions>
                <condition id="-2" name="On start of layout" sid="649513259751637" type="System" />
            </conditions>
            <actions>
                <action id="0" name="Play" sid="704169088561343" type="Audio">
                    <param id="0" name="Audio file">Sound</param>
                    <param id="2" name="Loop">1</param>
                    <param id="3" name="Volume">0</param>
                    <param id="1" name="Tag (optional)">&quot;&quot;</param>
                </action>
            </actions>
        </event-block>
    </events>
</c2eventsheet>
