﻿<?xml version="1.0" encoding="utf-8" ?>
<c2eventsheet>
    <!--All the 'name' attributes are ignored by Construct 2 - they are there for readability only.-->
    <name>Event sheet 1</name>
    <events>
        <variable constant="0" name="pangle" sid="305076586057095" static="0" type="number">0</variable>
        <variable constant="0" name="rotate" sid="525609330027854" static="0" type="number">0</variable>
        <event-block sid="382095731150025">
            <conditions>
                <condition behavior="Platform" id="3" name="Is jumping" sid="584896536241530" type="player" />
            </conditions>
            <actions>
                <action id="-9" name="Set value" sid="636179285928098" type="System">
                    <param id="0" name="Variable">rotate</param>
                    <param id="1" name="Value">1</param>
                </action>
            </actions>
        </event-block>
        <event-block sid="257861804392136">
            <conditions>
                <condition id="-14" name="Compare variable" sid="759540380796066" type="System">
                    <param id="0" name="Variable">rotate</param>
                    <param id="1" name="Comparison">5</param>
                    <param id="2" name="Value">1</param>
                </condition>
            </conditions>
            <actions>
                <action id="-18" name="Rotate clockwise" sid="914569319042425" type="player">
                    <param id="0" name="Degrees">3</param>
                </action>
                <action id="-10" name="Add to" sid="847038137471294" type="System">
                    <param id="0" name="Variable">pangle</param>
                    <param id="1" name="Value">3</param>
                </action>
            </actions>
        </event-block>
        <event-block sid="631565964526959">
            <conditions>
                <condition id="-14" name="Compare variable" sid="717781978362634" type="System">
                    <param id="0" name="Variable">pangle</param>
                    <param id="1" name="Comparison">5</param>
                    <param id="2" name="Value">90</param>
                </condition>
            </conditions>
            <actions>
                <action id="-9" name="Set value" sid="963824922581877" type="System">
                    <param id="0" name="Variable">pangle</param>
                    <param id="1" name="Value">0</param>
                </action>
                <action id="-9" name="Set value" sid="458568957189313" type="System">
                    <param id="0" name="Variable">rotate</param>
                    <param id="1" name="Value">0</param>
                </action>
            </actions>
        </event-block>
    </events>
</c2eventsheet>
