﻿<?xml version="1.0" encoding="utf-8" ?>
<c2eventsheet>
    <!--All the 'name' attributes are ignored by Construct 2 - they are there for readability only.-->
    <name>Event sheet 1</name>
    <events>
        <event-block sid="710428940734556">
            <conditions>
                <condition id="-1" name="Every tick" sid="254221864834195" type="System" />
            </conditions>
            <actions>
                <action id="-2" name="Set Y" sid="781302367070222" type="TiledBackground2">
                    <param id="0" name="Y">TiledBackground2.Y+(dt*60)</param>
                </action>
            </actions>
        </event-block>
    </events>
</c2eventsheet>
