﻿<?xml version="1.0" encoding="utf-8" ?>
<c2eventsheet>
    <!--All the 'name' attributes are ignored by Construct 2 - they are there for readability only.-->
    <name>Event sheet 1</name>
    <events>
        <event-block sid="710428940734556">
            <conditions>
                <condition id="-1" name="Every tick" sid="254221864834195" type="System" />
            </conditions>
            <actions>
                <action id="-2" name="Set Y" sid="866747308327583" type="TiledBackground2">
                    <param id="0" name="Y">TiledBackground2.Y+(dt*60)</param>
                </action>
            </actions>
        </event-block>
        <event-block sid="680195368646336">
            <conditions>
                <condition id="-8" name="Compare two values" sid="744401344362202" type="System">
                    <param id="0" name="First value">TiledBackground2.Y</param>
                    <param id="1" name="Comparison">5</param>
                    <param id="2" name="Second value">0</param>
                </condition>
            </conditions>
            <actions>
                <action id="-2" name="Set Y" sid="252526714472623" type="TiledBackground2">
                    <param id="0" name="Y">-343</param>
                </action>
            </actions>
        </event-block>
        <event-block sid="978524032810760">
            <conditions>
                <condition id="0" name="On click" sid="310072303000956" type="Mouse">
                    <param id="0" name="Mouse button">0</param>
                    <param id="1" name="Click type">0</param>
                </condition>
            </conditions>
            <actions>
                <action id="0" name="Spawn another object" sid="798606274433412" type="rocket">
                    <param id="0" name="Object">b</param>
                    <param id="1" name="Layer">1</param>
                    <param id="2" name="Image point">2</param>
                </action>
                <action id="0" name="Play" sid="303878834682849" type="Audio">
                    <param id="0" name="Audio file">fire</param>
                    <param id="2" name="Loop">0</param>
                    <param id="3" name="Volume">0</param>
                    <param id="1" name="Tag (optional)">&quot;&quot;</param>
                </action>
            </actions>
        </event-block>
        <event-block sid="508261106085564">
            <conditions>
                <condition id="-1" name="Every tick" sid="313896630190965" type="System" />
            </conditions>
            <actions>
                <action id="-2" name="Set Y" sid="312999304411333" type="b">
                    <param id="0" name="Y">b.Y-(dt*600)</param>
                </action>
            </actions>
        </event-block>
        <event-block sid="827199440831992">
            <conditions>
                <condition id="-6" name="Every X seconds" sid="253293017478978" type="System">
                    <param id="0" name="Interval (seconds)">1.0</param>
                </condition>
            </conditions>
            <actions>
                <action id="-3" name="Create object" sid="958647000052464" type="System">
                    <param id="0" name="Object to create">Ast</param>
                    <param id="1" name="Layer">0</param>
                    <param id="2" name="X">random(854)</param>
                    <param id="3" name="Y">0</param>
                </action>
            </actions>
        </event-block>
        <event-block sid="482739390842055">
            <conditions>
                <condition id="0" name="On collision with another object" sid="581949479619334" type="b">
                    <param id="0" name="Object">Ast</param>
                </condition>
            </conditions>
            <actions>
                <action id="-9" name="Destroy" sid="793217219201473" type="Ast" />
                <action id="-9" name="Destroy" sid="504222010521955" type="b" />
                <action id="0" name="Play" sid="448035667265316" type="Audio">
                    <param id="0" name="Audio file">Exp</param>
                    <param id="2" name="Loop">0</param>
                    <param id="3" name="Volume">0</param>
                    <param id="1" name="Tag (optional)">&quot;&quot;</param>
                </action>
                <action id="-11" name="Add to" sid="650031008891623" type="Text">
                    <param id="0" name="Instance variable">Score</param>
                    <param id="1" name="Value">1</param>
                </action>
                <action id="0" name="Set text" sid="689682430124418" type="Text">
                    <param id="0" name="Text">&quot;Score: &quot;&amp;Text.Score</param>
                </action>
            </actions>
        </event-block>
        <event-block sid="986291694260100">
            <conditions>
                <condition id="-2" name="On start of layout" sid="506919545495744" type="System" />
            </conditions>
            <actions>
                <action id="0" name="Set text" sid="775285695444238" type="Text">
                    <param id="0" name="Text">&quot;Score: &quot;&amp;Text.Score</param>
                </action>
            </actions>
        </event-block>
        <event-block sid="424404503909798">
            <conditions>
                <condition id="-2" name="On start of layout" sid="658092986225676" type="System" />
            </conditions>
            <actions>
                <action id="0" name="Set text" sid="562431229312147" type="Lives">
                    <param id="0" name="Text">&quot;Lives: &quot;&amp;Lives.Lives</param>
                </action>
            </actions>
        </event-block>
        <event-block sid="809865713658770">
            <conditions>
                <condition id="0" name="On collision with another object" sid="105994228350586" type="rocket">
                    <param id="0" name="Object">Ast</param>
                </condition>
            </conditions>
            <actions>
                <action id="-9" name="Destroy" sid="733861727364153" type="Ast" />
                <action id="-11" name="Add to" sid="702192908918771" type="Lives">
                    <param id="0" name="Instance variable">Lives</param>
                    <param id="1" name="Value">-1</param>
                </action>
                <action id="0" name="Set text" sid="372975302081676" type="Lives">
                    <param id="0" name="Text">&quot;Lives: &quot;&amp;Lives.Lives</param>
                </action>
                <action id="0" name="Play" sid="276114685372690" type="Audio">
                    <param id="0" name="Audio file">Torpedo_Explosion</param>
                    <param id="2" name="Loop">0</param>
                    <param id="3" name="Volume">0</param>
                    <param id="1" name="Tag (optional)">&quot;&quot;</param>
                </action>
                <action behavior="Flash" id="0" name="Flash" sid="786895899388720" type="rocket">
                    <param id="0" name="&apos;On&apos; time">0.1</param>
                    <param id="1" name="&apos;Off&apos; time">0.1</param>
                    <param id="2" name="Duration">2.0</param>
                </action>
            </actions>
        </event-block>
        <event-block sid="519921434929029">
            <conditions>
                <condition id="-7" name="Compare instance variable" sid="877646139110430" type="Text">
                    <param id="0" name="Instance variable">Score</param>
                    <param id="1" name="Comparison">5</param>
                    <param id="2" name="Value">25</param>
                </condition>
            </conditions>
            <actions>
                <action id="-15" name="Set visible" sid="390543898325183" type="Win">
                    <param id="0" name="Visibility">1</param>
                </action>
                <action id="0" name="Set text" sid="109706592888590" type="Win">
                    <param id="0" name="Text">&quot;Вы Выиграли!!!&quot;&amp;Win.Win</param>
                </action>
                <action id="-16" name="Wait" sid="639414672463120" type="System">
                    <param id="0" name="Seconds">5</param>
                </action>
                <action id="-26" name="Restart layout" sid="423998182897358" type="System" />
            </actions>
        </event-block>
        <event-block sid="525660280067963">
            <conditions>
                <condition id="-2" name="On start of layout" sid="630499267488755" type="System" />
            </conditions>
            <actions>
                <action id="-15" name="Set visible" sid="971803117373536" type="Win">
                    <param id="0" name="Visibility">0</param>
                </action>
            </actions>
        </event-block>
        <event-block sid="615396795406471">
            <conditions>
                <condition id="-7" name="Compare instance variable" sid="769186033261713" type="Lives">
                    <param id="0" name="Instance variable">Lives</param>
                    <param id="1" name="Comparison">3</param>
                    <param id="2" name="Value">0</param>
                </condition>
            </conditions>
            <actions>
                <action id="-15" name="Set visible" sid="395963378907311" type="Over">
                    <param id="0" name="Visibility">1</param>
                </action>
                <action id="0" name="Set text" sid="985449514474390" type="Over">
                    <param id="0" name="Text">&quot;Вы Проиграли&quot;&amp;Over.Over</param>
                </action>
                <action id="-16" name="Wait" sid="582808620147625" type="System">
                    <param id="0" name="Seconds">2</param>
                </action>
                <action id="-26" name="Restart layout" sid="778780056094841" type="System" />
            </actions>
        </event-block>
        <event-block sid="785669451178718">
            <conditions>
                <condition id="-2" name="On start of layout" sid="143750319158677" type="System" />
            </conditions>
            <actions>
                <action id="-15" name="Set visible" sid="151431067558462" type="Over">
                    <param id="0" name="Visibility">0</param>
                </action>
            </actions>
        </event-block>
    </events>
</c2eventsheet>
