﻿<?xml version="1.0" encoding="utf-8" ?>
<c2eventsheet>
    <!--All the 'name' attributes are ignored by Construct 2 - they are there for readability only.-->
    <name>Event sheet 1</name>
    <events>
        <variable constant="0" name="Score" sid="164455624404646" static="0" type="number">0</variable>
        <event-block sid="502012553783699">
            <conditions>
                <condition id="-6" name="Every X seconds" sid="417284269709343" type="System">
                    <param id="0" name="Interval (seconds)">1.0</param>
                </condition>
            </conditions>
            <actions>
                <action id="-3" name="Create object" sid="865011050290354" type="System">
                    <param id="0" name="Object to create">Sprite</param>
                    <param id="1" name="Layer">1</param>
                    <param id="2" name="X">random(40,400)</param>
                    <param id="3" name="Y">random(854,950)</param>
                </action>
            </actions>
        </event-block>
        <event-block sid="372088172044425">
            <conditions>
                <condition id="3" name="On touched object" sid="747410526179866" type="Touch">
                    <param id="0" name="Object">Sprite</param>
                </condition>
            </conditions>
            <actions>
                <action id="-9" name="Destroy" sid="416859975155650" type="Sprite" />
                <action id="0" name="Spawn another object" sid="263748779327357" type="Sprite">
                    <param id="0" name="Object">Particles</param>
                    <param id="1" name="Layer">1</param>
                    <param id="2" name="Image point">0</param>
                </action>
            </actions>
        </event-block>
        <event-block sid="995219109273629">
            <conditions>
                <condition id="-1" name="Every tick" sid="447530068966134" type="System" />
            </conditions>
            <actions>
                <action id="0" name="Set text" sid="974784582843893" type="Score">
                    <param id="0" name="Text">&quot;Score: &quot;&amp;Score</param>
                </action>
            </actions>
        </event-block>
    </events>
</c2eventsheet>
