﻿<?xml version="1.0" encoding="utf-8" ?>
<c2eventsheet>
    <!--All the 'name' attributes are ignored by Construct 2 - they are there for readability only.-->
    <name>Event sheet 1</name>
    <events>
        <variable constant="0" name="El" sid="246391582768014" static="0" type="number">1</variable>
        <variable constant="0" name="Restart" sid="518076558434548" static="0" type="number">0</variable>
        <event-block sid="793304628760689">
            <conditions>
                <condition id="-2" name="On start of layout" sid="593225792384532" type="System" />
            </conditions>
            <actions>
                <action behavior="Physics" id="14" name="Set stepping iterations" sid="182181318393857" type="player">
                    <param id="0" name="Velocity iterations">12</param>
                    <param id="1" name="Position iterations">8</param>
                </action>
            </actions>
        </event-block>
        <event-block sid="610690515845310">
            <conditions>
                <condition id="-14" name="Compare variable" sid="900760659264784" type="System">
                    <param id="0" name="Variable">El</param>
                    <param id="1" name="Comparison">0</param>
                    <param id="2" name="Value">1</param>
                </condition>
            </conditions>
            <actions>
                <action id="-4" name="Set position to another object" sid="879957796476332" type="player">
                    <param id="0" name="Object">Sprite</param>
                    <param id="1" name="Image point (optional)">0</param>
                </action>
            </actions>
            <sub-events>
                <event-block sid="513980654701407">
                    <conditions>
                        <condition id="2" name="Is in touch" sid="880319899374022" type="Touch" />
                        <condition id="-14" name="Compare variable" sid="723861888487768" type="System">
                            <param id="0" name="Variable">El</param>
                            <param id="1" name="Comparison">0</param>
                            <param id="2" name="Value">1</param>
                        </condition>
                    </conditions>
                    <actions>
                        <action id="-8" name="Set angle" sid="388133340436487" type="player">
                            <param id="0" name="Angle">angle(Touch.X,Touch.Y,Sprite.X,Sprite.Y)</param>
                        </action>
                        <action id="-23" name="Move at angle" sid="127131569497203" type="player">
                            <param id="0" name="Angle">Self.Angle + 180</param>
                            <param id="1" name="Distance">min(distance(Touch.X, Touch.Y,Sprite.X, Sprite.Y) / 3, 45)</param>
                        </action>
                        <action id="-9" name="Set value" sid="545565872686969" type="System">
                            <param id="0" name="Variable">Restart</param>
                            <param id="1" name="Value">0</param>
                        </action>
                    </actions>
                </event-block>
                <event-block sid="220396442594295">
                    <conditions>
                        <condition id="1" name="On any touch end" sid="520417110446246" type="Touch" />
                        <condition id="-14" name="Compare variable" sid="506124834489798" type="System">
                            <param id="0" name="Variable">El</param>
                            <param id="1" name="Comparison">0</param>
                            <param id="2" name="Value">1</param>
                        </condition>
                        <condition id="-14" name="Compare variable" sid="516870826554210" type="System">
                            <param id="0" name="Variable">Restart</param>
                            <param id="1" name="Comparison">0</param>
                            <param id="2" name="Value">0</param>
                        </condition>
                    </conditions>
                    <actions>
                        <action id="-9" name="Set value" sid="333919242533826" type="System">
                            <param id="0" name="Variable">El</param>
                            <param id="1" name="Value">0</param>
                        </action>
                        <action behavior="Physics" id="5" name="Apply impulse at angle" sid="278378548571769" type="player">
                            <param id="0" name="Impulse">distance(Self.X, Self.Y, Sprite.X, Sprite.Y) / 4.5</param>
                            <param id="1" name="Angle">Self.Angle</param>
                            <param id="2" name="Image point">0</param>
                        </action>
                    </actions>
                </event-block>
            </sub-events>
        </event-block>
        <event-block sid="534282980945070">
            <conditions>
                <condition id="4" name="Is touching object" sid="720854537853808" type="Touch">
                    <param id="0" name="Object">Restart</param>
                </condition>
            </conditions>
            <actions>
                <action id="-9" name="Set value" sid="479295714061675" type="System">
                    <param id="0" name="Variable">El</param>
                    <param id="1" name="Value">1</param>
                </action>
                <action id="-9" name="Set value" sid="874629871572838" type="System">
                    <param id="0" name="Variable">Restart</param>
                    <param id="1" name="Value">1</param>
                </action>
                <action id="-26" name="Restart layout" sid="269783270034347" type="System" />
            </actions>
        </event-block>
        <event-block sid="435721131863788">
            <conditions>
                <condition id="0" name="On collision with another object" sid="828798198072560" type="Emeny">
                    <param id="0" name="Object">Sprite2</param>
                </condition>
            </conditions>
            <actions />
            <sub-events>
                <event-block sid="561953025892267">
                    <conditions>
                        <condition id="3" name="Compare frame" sid="296376745752221" type="Emeny">
                            <param id="0" name="Comparison">0</param>
                            <param id="1" name="Number">0</param>
                        </condition>
                    </conditions>
                    <actions>
                        <action id="5" name="Set frame" sid="967207935967714" type="Emeny">
                            <param id="0" name="Frame number">1</param>
                        </action>
                        <action id="-16" name="Wait" sid="866447015516254" type="System">
                            <param id="0" name="Seconds">1.5</param>
                        </action>
                    </actions>
                </event-block>
                <event-block sid="214711550162083">
                    <conditions>
                        <condition id="3" name="Compare frame" sid="415401151424170" type="Emeny">
                            <param id="0" name="Comparison">0</param>
                            <param id="1" name="Number">1</param>
                        </condition>
                    </conditions>
                    <actions>
                        <action id="5" name="Set frame" sid="489932401135414" type="Emeny">
                            <param id="0" name="Frame number">2</param>
                        </action>
                        <action id="-16" name="Wait" sid="895699985478121" type="System">
                            <param id="0" name="Seconds">1.5</param>
                        </action>
                    </actions>
                </event-block>
                <event-block sid="639493011150878">
                    <conditions>
                        <condition id="3" name="Compare frame" sid="171023110545595" type="Emeny">
                            <param id="0" name="Comparison">0</param>
                            <param id="1" name="Number">2</param>
                        </condition>
                    </conditions>
                    <actions>
                        <action id="-16" name="Wait" sid="882890089480945" type="System">
                            <param id="0" name="Seconds">1.0</param>
                        </action>
                        <action id="-9" name="Destroy" sid="914740372589200" type="Emeny" />
                    </actions>
                </event-block>
            </sub-events>
        </event-block>
    </events>
</c2eventsheet>
