﻿<?xml version="1.0" encoding="utf-8" ?>
<c2eventsheet>
    <!--All the 'name' attributes are ignored by Construct 2 - they are there for readability only.-->
    <name>Event sheet 1</name>
    <events>
        <variable constant="0" name="Score" sid="787109090380708" static="0" type="number">0</variable>
        <event-block sid="335732379492129">
            <conditions>
                <condition id="1" name="On any click" sid="259839354421167" type="Mouse" />
            </conditions>
            <actions>
                <action behavior="Platform" id="9" name="Set vector Y" sid="457871252087323" type="bird">
                    <param id="0" name="Vector Y">bird.Y-700</param>
                </action>
            </actions>
        </event-block>
        <event-block sid="228768721478069">
            <conditions>
                <condition id="0" name="On collision with another object" sid="376579180737002" type="bird">
                    <param id="0" name="Object">bottom</param>
                </condition>
            </conditions>
            <actions>
                <action id="-2" name="Go to layout" sid="107286085700495" type="System">
                    <param id="0" name="Layout">Start</param>
                </action>
            </actions>
        </event-block>
        <event-block sid="408369091347325">
            <conditions>
                <condition id="0" name="On collision with another object" sid="791694479500475" type="bird">
                    <param id="0" name="Object">top</param>
                </condition>
            </conditions>
            <actions>
                <action id="-2" name="Go to layout" sid="689943880090127" type="System">
                    <param id="0" name="Layout">Start</param>
                </action>
            </actions>
        </event-block>
        <event-block sid="857739921247958">
            <conditions>
                <condition id="-4" name="Is outside layout" sid="500865954620297" type="bird" />
            </conditions>
            <actions>
                <action id="-2" name="Go to layout" sid="123870292526504" type="System">
                    <param id="0" name="Layout">Start</param>
                </action>
            </actions>
        </event-block>
        <event-block sid="828809436181619">
            <conditions>
                <condition id="-1" name="Every tick" sid="220482812634749" type="System" />
            </conditions>
            <actions>
                <action id="-1" name="Set X" sid="528703161932053" type="bottom">
                    <param id="0" name="X">bottom.X-5</param>
                </action>
                <action id="-1" name="Set X" sid="872900061961156" type="top">
                    <param id="0" name="X">top.X-5</param>
                </action>
                <action id="-1" name="Set X" sid="860450720569357" type="TiledBackground2">
                    <param id="0" name="X">TiledBackground2.X-5</param>
                </action>
            </actions>
        </event-block>
        <event-block sid="129409909726501">
            <conditions>
                <condition id="-1" name="Compare X" sid="193479493621362" type="TiledBackground2">
                    <param id="0" name="Comparison">3</param>
                    <param id="1" name="X co-ordinate">-570</param>
                </condition>
            </conditions>
            <actions>
                <action id="-1" name="Set X" sid="487097224629758" type="TiledBackground2">
                    <param id="0" name="X">0</param>
                </action>
            </actions>
        </event-block>
        <event-block sid="720267275368235">
            <conditions>
                <condition id="-6" name="Every X seconds" sid="904425103117659" type="System">
                    <param id="0" name="Interval (seconds)">1.7</param>
                </condition>
            </conditions>
            <actions>
                <action id="-3" name="Create object" sid="975067063760443" type="System">
                    <param id="0" name="Object to create">top</param>
                    <param id="1" name="Layer">0</param>
                    <param id="2" name="X">400</param>
                    <param id="3" name="Y">random(-270)</param>
                </action>
                <action id="-3" name="Create object" sid="283271843160299" type="System">
                    <param id="0" name="Object to create">bottom</param>
                    <param id="1" name="Layer">0</param>
                    <param id="2" name="X">400</param>
                    <param id="3" name="Y">top.Y+540</param>
                </action>
            </actions>
        </event-block>
        <event-block sid="136455314399800">
            <conditions>
                <condition id="-1" name="Compare X" sid="193567090876862" type="bottom">
                    <param id="0" name="Comparison">5</param>
                    <param id="1" name="X co-ordinate">bird.X</param>
                </condition>
                <condition id="-14" name="Compare variable" sid="846631236810755" type="System">
                    <param id="0" name="Variable">Score</param>
                    <param id="1" name="Comparison">0</param>
                    <param id="2" name="Value">0</param>
                </condition>
            </conditions>
            <actions>
                <action id="-10" name="Add to" sid="231892841379425" type="System">
                    <param id="0" name="Variable">Score</param>
                    <param id="1" name="Value">1</param>
                </action>
                <action id="0" name="Set text" sid="959010674507946" type="Text">
                    <param id="0" name="Text">&quot;Score: &quot;&amp;Score</param>
                </action>
            </actions>
        </event-block>
    </events>
</c2eventsheet>
