﻿<?xml version="1.0" encoding="utf-8" ?>
<c2eventsheet>
    <!--All the 'name' attributes are ignored by Construct 2 - they are there for readability only.-->
    <name>Event sheet 1</name>
    <events>
        <variable constant="0" name="Score" sid="582863410185858" static="0" type="number">0</variable>
        <event-block sid="317940894998050">
            <conditions>
                <condition id="-1" name="Compare X" sid="863526140262400" type="Player">
                    <param id="0" name="Comparison">2</param>
                    <param id="1" name="X co-ordinate">Mouse.X-10</param>
                </condition>
            </conditions>
            <actions>
                <action behavior="Platform" id="7" name="Simulate control" sid="629041944246048" type="Player">
                    <param id="0" name="Control">1</param>
                </action>
            </actions>
        </event-block>
        <event-block sid="638355016970664">
            <conditions>
                <condition id="-1" name="Compare X" sid="594580725203661" type="Player">
                    <param id="0" name="Comparison">4</param>
                    <param id="1" name="X co-ordinate">Mouse.X+10</param>
                </condition>
            </conditions>
            <actions>
                <action behavior="Platform" id="7" name="Simulate control" sid="445071870033090" type="Player">
                    <param id="0" name="Control">0</param>
                </action>
            </actions>
        </event-block>
        <event-block sid="949452901258264">
            <conditions>
                <condition behavior="Platform" id="2" name="Is on floor" sid="986349562167804" type="Player" />
            </conditions>
            <actions>
                <action behavior="Platform" id="7" name="Simulate control" sid="617793208463672" type="Player">
                    <param id="0" name="Control">2</param>
                </action>
                <action id="0" name="Play" sid="198054637111376" type="Audio">
                    <param id="0" name="Audio file">jump</param>
                    <param id="2" name="Loop">0</param>
                    <param id="3" name="Volume">0</param>
                    <param id="1" name="Tag (optional)">&quot;&quot;</param>
                </action>
            </actions>
            <sub-events>
                <event-block sid="355997900954059">
                    <conditions>
                        <condition id="0" name="On collision with another object" sid="542710566265439" type="Player">
                            <param id="0" name="Object">Platform</param>
                        </condition>
                        <condition id="-7" name="Compare instance variable" sid="183928380692340" type="Platform">
                            <param id="0" name="Instance variable">add</param>
                            <param id="1" name="Comparison">0</param>
                            <param id="2" name="Value">0</param>
                        </condition>
                    </conditions>
                    <actions>
                        <action id="-10" name="Set value" sid="106854760133239" type="Platform">
                            <param id="0" name="Instance variable">add</param>
                            <param id="1" name="Value">1</param>
                        </action>
                        <action id="-10" name="Add to" sid="377036330119687" type="System">
                            <param id="0" name="Variable">Score</param>
                            <param id="1" name="Value">1</param>
                        </action>
                        <action id="0" name="Set text" sid="237630931589514" type="Text">
                            <param id="0" name="Text">&quot;Score: &quot;&amp;Score</param>
                        </action>
                        <action id="-3" name="Create object" sid="430685426956421" type="System">
                            <param id="0" name="Object to create">Platform</param>
                            <param id="1" name="Layer">0</param>
                            <param id="2" name="X">random(150,300)</param>
                            <param id="3" name="Y">random(170,300)</param>
                        </action>
                    </actions>
                </event-block>
            </sub-events>
        </event-block>
        <event-block sid="542384863990890">
            <conditions>
                <condition id="-2" name="On start of layout" sid="892587399453647" type="System" />
            </conditions>
            <actions>
                <action id="-16" name="Wait" sid="954199173611875" type="System">
                    <param id="0" name="Seconds">0.1</param>
                </action>
                <action id="-12" name="Set group active" sid="673635358713804" type="System">
                    <param id="0" name="Group name">&quot;Group&quot;</param>
                    <param id="1" name="State">1</param>
                </action>
            </actions>
        </event-block>
        <event-block sid="428225987564303">
            <conditions>
                <condition id="-2" name="Compare Y" sid="483151338822046" type="Player">
                    <param id="0" name="Comparison">2</param>
                    <param id="1" name="Y co-ordinate">600</param>
                </condition>
            </conditions>
            <actions>
                <action id="-2" name="Set Y" sid="715421408087847" type="Player">
                    <param id="0" name="Y">Self.Y+600</param>
                </action>
            </actions>
            <sub-events>
                <event-block sid="817478551130321">
                    <conditions>
                        <condition id="-11" name="For Each" sid="621819129176157" type="System">
                            <param id="0" name="Object">Platform</param>
                        </condition>
                    </conditions>
                    <actions>
                        <action id="-2" name="Set Y" sid="514520608229732" type="Platform">
                            <param id="0" name="Y">Self.Y+600</param>
                        </action>
                    </actions>
                </event-block>
                <event-block sid="591329390204464">
                    <conditions>
                        <condition id="-4" name="Trigger once while true" sid="735337259817173" type="System" />
                    </conditions>
                    <actions>
                        <action id="-3" name="Create object" sid="483299089774027" type="System">
                            <param id="0" name="Object to create">Platform</param>
                            <param id="1" name="Layer">0</param>
                            <param id="2" name="X">random(50,300)</param>
                            <param id="3" name="Y">100</param>
                        </action>
                        <action id="-3" name="Create object" sid="294166653918087" type="System">
                            <param id="0" name="Object to create">Platform</param>
                            <param id="1" name="Layer">0</param>
                            <param id="2" name="X">random(50,300)</param>
                            <param id="3" name="Y">400</param>
                        </action>
                    </actions>
                </event-block>
            </sub-events>
        </event-block>
        <event-group description="" inactive="1" sid="451454375068896" title="Group">
            <sub-events>
                <event-block sid="924636829894267">
                    <conditions>
                        <condition id="-2" name="Compare Y" sid="272425872345421" type="Platform">
                            <param id="0" name="Comparison">4</param>
                            <param id="1" name="Y co-ordinate">Player.Y+300</param>
                        </condition>
                    </conditions>
                    <actions>
                        <action id="-9" name="Destroy" sid="689324900928982" type="Platform" />
                    </actions>
                </event-block>
            </sub-events>
        </event-group>
        <event-block sid="775405538938690">
            <conditions>
                <condition id="0" name="On collision with another object" sid="476417485821104" type="Player">
                    <param id="0" name="Object">Sprite2</param>
                </condition>
            </conditions>
            <actions>
                <action id="-16" name="Wait" sid="977414636366455" type="System">
                    <param id="0" name="Seconds">5</param>
                </action>
                <action id="-21" name="Reset global variables" sid="372781993049872" type="System" />
                <action id="-26" name="Restart layout" sid="740552637089949" type="System" />
            </actions>
        </event-block>
    </events>
</c2eventsheet>
